{"status": "SUCCESS", "region": {"location_type": "county", "locations": [{"polygon": "http://api.iebc.or.ke/geojson/county_30.geojson", "registered": "174708", "code": "694F1CE1-7BA6-49E9-B40C-9AFEF518A09E", "name": "BARINGO", "center": {"lat": 0.67169999999999996, "lon": 35.945852000000002}}, {"polygon": "http://api.iebc.or.ke/geojson/county_36.geojson", "registered": "253797", "code": "4AEBD373-5CE6-4AAE-9EB1-AB26CB57B163", "name": "BOMET", "center": {"lat": -0.72383900000000001, "lon": 35.297987999999997}}, {"polygon": "http://api.iebc.or.ke/geojson/county_39.geojson", "registered": "413040", "code": "89622043-0BAE-41AB-8A25-D684A2F31DBC", "name": "BUNGOMA", "center": {"lat": 0.75173999999999996, "lon": 34.639847000000003}}, {"polygon": "http://api.iebc.or.ke/geojson/county_40.geojson", "registered": "252655", "code": "EDF27E4D-C611-4614-BB40-FDAC93310714", "name": "BUSIA", "center": {"lat": 0.38989400000000002, "lon": 34.193013999999998}}, {"polygon": "http://api.iebc.or.ke/geojson/county_48.geojson", "registered": "2639", "code": "57E6DCBD-9FBA-48C7-BF3E-359BB74E1B78", "name": "DIASPORA", "center": {"lat": 0.0, "lon": 0.0}}, {"polygon": "http://api.iebc.or.ke/geojson/county_28.geojson", "registered": "135111", "code": "4D01476E-9817-436B-B46D-A94113C908EA", "name": "ELGEYO/MARAKWET", "center": {"lat": 0.80467299999999997, "lon": 35.535949000000002}}, {"polygon": "http://api.iebc.or.ke/geojson/county_14.geojson", "registered": "228332", "code": "A1A57DE0-D7CC-4B33-8906-7F25B5C0EEC1", "name": "EMBU", "center": {"lat": -0.601522, "lon": 37.625886999999999}}, {"polygon": "http://api.iebc.or.ke/geojson/county_7.geojson", "registered": "109147", "code": "F0E58B5A-9C12-4631-9C4A-F771453E2E37", "name": "GARISSA", "center": {"lat": -0.48645699999999997, "lon": 40.198663000000003}}, {"polygon": "http://api.iebc.or.ke/geojson/county_43.geojson", "registered": "328832", "code": "57127BCB-8996-4FE5-984A-D1617CDB4880", "name": "HOMA BAY", "center": {"lat": -0.54035500000000003, "lon": 34.358386000000003}}, {"polygon": "http://api.iebc.or.ke/geojson/county_11.geojson", "registered": "54822", "code": "53D72D85-1B6C-4E56-B99D-A3CE62C4F4AE", "name": "ISIOLO", "center": {"lat": 1.0128980000000001, "lon": 38.541539}}, {"polygon": "http://api.iebc.or.ke/geojson/county_34.geojson", "registered": "304294", "code": "B45CF9F1-2639-4C64-B276-DD5D7C73E815", "name": "KAJIADO", "center": {"lat": -2.1189279999999999, "lon": 36.908223999999997}}, {"polygon": "http://api.iebc.or.ke/geojson/county_37.geojson", "registered": "570620", "code": "9231B2F3-C39D-47C8-B7F2-EFE81CF3F91B", "name": "KAKAMEGA", "center": {"lat": 0.40614099999999997, "lon": 34.743899999999996}}, {"polygon": "http://api.iebc.or.ke/geojson/county_35.geojson", "registered": "291915", "code": "839D5BAA-5D26-4ECB-9089-5CF31428E8BB", "name": "KERICHO", "center": {"lat": -0.29327799999999998, "lon": 35.313456000000002}}, {"polygon": "http://api.iebc.or.ke/geojson/county_22.geojson", "registered": "862253", "code": "61BB761E-F1DB-40AC-A43B-1059147C47A3", "name": "KIAMBU", "center": {"lat": -1.0662670000000001, "lon": 36.822946999999999}}, {"polygon": "http://api.iebc.or.ke/geojson/county_3.geojson", "registered": "332671", "code": "BAEFFDFD-3EA1-4E71-9C83-2DB1B3F3AC32", "name": "KILIFI", "center": {"lat": -3.1728860000000001, "lon": 39.686064000000002}}, {"polygon": "http://api.iebc.or.ke/geojson/county_20.geojson", "registered": "266097", "code": "4AEED562-2669-45F9-9B74-E111C1BE1127", "name": "KIRINYAGA", "center": {"lat": -0.52229499999999995, "lon": 37.319254000000001}}, {"polygon": "http://api.iebc.or.ke/geojson/county_45.geojson", "registered": "414382", "code": "0F880CA1-4960-47CA-AE4B-65A0D120B098", "name": "KISII", "center": {"lat": -0.77214899999999997, "lon": 34.774106000000003}}, {"polygon": "http://api.iebc.or.ke/geojson/county_42.geojson", "registered": "388250", "code": "B97CC1C2-FA85-4B08-B59B-B4FF773112E0", "name": "KISUMU", "center": {"lat": -0.16700499999999999, "lon": 34.834589000000001}}, {"polygon": "http://api.iebc.or.ke/geojson/county_15.geojson", "registered": "326128", "code": "6179B253-FE99-4FFD-B64E-F0C72DC7FC41", "name": "KITUI", "center": {"lat": -1.488585, "lon": 38.406306000000001}}, {"polygon": "http://api.iebc.or.ke/geojson/county_2.geojson", "registered": "166718", "code": "59D293CE-7B8A-4C98-B94A-1C3300503545", "name": "KWALE", "center": {"lat": -4.1806900000000002, "lon": 39.189782000000001}}, {"polygon": "http://api.iebc.or.ke/geojson/county_31.geojson", "registered": "174841", "code": "1465A7A2-D1EF-4394-817C-B661F48B7B77", "name": "LAIKIPIA", "center": {"lat": 0.32605699999999999, "lon": 36.771121000000001}}, {"polygon": "http://api.iebc.or.ke/geojson/county_5.geojson", "registered": "44755", "code": "C264EFC0-E147-4B24-9B11-848B81068907", "name": "LAMU", "center": {"lat": -2.0762269999999998, "lon": 40.882258}}, {"polygon": "http://api.iebc.or.ke/geojson/county_16.geojson", "registered": "446805", "code": "C787D897-9D14-48E5-899D-47A3F1F4E1F4", "name": "MACHAKOS", "center": {"lat": -1.2770619999999999, "lon": 37.412018000000003}}, {"polygon": "http://api.iebc.or.ke/geojson/county_17.geojson", "registered": "300666", "code": "85BBDC91-AA5B-4985-BAB1-ED5E90EB448F", "name": "MAKUENI", "center": {"lat": -2.1552259999999999, "lon": 37.787627000000001}}, {"polygon": "http://api.iebc.or.ke/geojson/county_9.geojson", "registered": "120116", "code": "71EE6287-6A04-4A6C-9595-BF42A27E77F6", "name": "MANDERA", "center": {"lat": 3.4389210000000001, "lon": 40.738194999999997}}, {"polygon": "http://api.iebc.or.ke/geojson/county_10.geojson", "registered": "105269", "code": "F5437783-C6AE-4D65-AD9C-F64AAF390323", "name": "MARSABIT", "center": {"lat": 2.981109, "lon": 37.568928}}, {"polygon": "http://api.iebc.or.ke/geojson/county_12.geojson", "registered": "488578", "code": "A5FC9363-BB5E-4968-8465-4354D1022A0B", "name": "MERU", "center": {"lat": 0.169236, "lon": 37.763423000000003}}, {"polygon": "http://api.iebc.or.ke/geojson/county_44.geojson", "registered": "285629", "code": "60F61EEF-F1FA-4E79-94B3-694F9FC94645", "name": "MIGORI", "center": {"lat": -0.98707900000000004, "lon": 34.362727}}, {"polygon": "http://api.iebc.or.ke/geojson/county_1.geojson", "registered": "408707", "code": "F52AE5D1-EADF-4079-B206-3EDB8D4966C0", "name": "MOMBASA", "center": {"lat": -4.0188040000000003, "lon": 39.650008}}, {"polygon": "http://api.iebc.or.ke/geojson/county_21.geojson", "registered": "453991", "code": "A73A770C-7ECD-48D3-ABD2-42EA60A51803", "name": "MURANG'A", "center": {"lat": -0.80713699999999999, "lon": 37.032107000000003}}, {"polygon": "http://api.iebc.or.ke/geojson/county_47.geojson", "registered": "1730201", "code": "0188D30F-5258-45B8-86F2-D6185B21884A", "name": "NAIROBI", "center": {"lat": -1.2909090000000001, "lon": 36.867507000000003}}, {"polygon": "http://api.iebc.or.ke/geojson/county_32.geojson", "registered": "697653", "code": "4249680C-419F-4910-BEDB-CFE2FC5A8B7C", "name": "NAKURU", "center": {"lat": -0.46122200000000002, "lon": 36.077846999999998}}, {"polygon": "http://api.iebc.or.ke/geojson/county_29.geojson", "registered": "264445", "code": "C8B73F0F-172A-42FD-BF22-04733607DFFC", "name": "NANDI", "center": {"lat": 0.18914300000000001, "lon": 35.109878000000002}}, {"polygon": "http://api.iebc.or.ke/geojson/county_33.geojson", "registered": "263609", "code": "BF91B05F-CA08-40FA-B2BE-C78B71753FD0", "name": "NAROK", "center": {"lat": -1.2523280000000001, "lon": 35.575712000000003}}, {"polygon": "http://api.iebc.or.ke/geojson/county_46.geojson", "registered": "221112", "code": "6DD2AEC8-6C47-4415-9F3B-700F24425711", "name": "NYAMIRA", "center": {"lat": -0.64027000000000001, "lon": 34.964044000000001}}, {"polygon": "http://api.iebc.or.ke/geojson/county_18.geojson", "registered": "256256", "code": "284AEDED-148D-45CB-AF1A-2DA58D96581F", "name": "NYANDARUA", "center": {"lat": -0.31961299999999998, "lon": 36.482261000000001}}, {"polygon": "http://api.iebc.or.ke/geojson/county_19.geojson", "registered": "357309", "code": "2D569BF4-5859-415A-A673-C9807CADBA94", "name": "NYERI", "center": {"lat": -0.34046999999999999, "lon": 36.955863999999998}}, {"polygon": "http://api.iebc.or.ke/geojson/county_25.geojson", "registered": "61551", "code": "D3456628-505E-4DF5-BF4C-17670D64CA5E", "name": "SAMBURU", "center": {"lat": 1.319312, "lon": 37.117773999999997}}, {"polygon": "http://api.iebc.or.ke/geojson/county_41.geojson", "registered": "314265", "code": "5F00A163-DEEA-4017-BC56-DB6AA8559C0F", "name": "SIAYA", "center": {"lat": -0.059672999999999997, "lon": 34.247028}}, {"polygon": "http://api.iebc.or.ke/geojson/county_6.geojson", "registered": "109984", "code": "20113C7C-DE4F-4194-9287-41FAE66D6ED9", "name": "TAITA TAVETA", "center": {"lat": -3.4322819999999998, "lon": 38.417980999999997}}, {"polygon": "http://api.iebc.or.ke/geojson/county_4.geojson", "registered": "75105", "code": "CBDC8AF9-5B9C-4D17-96A3-3DAA72DB5961", "name": "TANA RIVER", "center": {"lat": -1.5239199999999999, "lon": 39.417254}}, {"polygon": "http://api.iebc.or.ke/geojson/county_13.geojson", "registered": "155936", "code": "E914F536-93CB-4044-882B-243BEF121C52", "name": "THARAKA - NITHI", "center": {"lat": -0.20460500000000001, "lon": 37.869683999999999}}, {"polygon": "http://api.iebc.or.ke/geojson/county_26.geojson", "registered": "245770", "code": "FE1E311A-2A7A-4D70-8EE6-C26C9D01F1E1", "name": "TRANS NZOIA", "center": {"lat": 1.0534079999999999, "lon": 34.956803000000001}}, {"polygon": "http://api.iebc.or.ke/geojson/county_23.geojson", "registered": "134222", "code": "5E80D4CE-77E8-4FCF-9752-E5FA9ECB8B28", "name": "TURKANA", "center": {"lat": 3.4273069999999999, "lon": 35.435138999999999}}, {"polygon": "http://api.iebc.or.ke/geojson/county_27.geojson", "registered": "331372", "code": "EBC687D2-8ADF-43C9-9FAF-D4946037C16C", "name": "UASIN GISHU", "center": {"lat": 0.52854599999999996, "lon": 35.321396}}, {"polygon": "http://api.iebc.or.ke/geojson/county_38.geojson", "registered": "204454", "code": "C8FC1176-8524-46F5-BE01-0C872130ABB5", "name": "VIHIGA", "center": {"lat": 0.078716999999999995, "lon": 34.721702000000001}}, {"polygon": "http://api.iebc.or.ke/geojson/county_8.geojson", "registered": "114261", "code": "60CD4F11-84E3-4171-85D6-DF81A22151C4", "name": "WAJIR", "center": {"lat": 1.8105929999999999, "lon": 40.034371}}, {"polygon": "http://api.iebc.or.ke/geojson/county_24.geojson", "registered": "121535", "code": "24BA1A16-5025-4F59-BA64-AA7F775B27B7", "name": "WEST POKOT", "center": {"lat": 1.742564, "lon": 35.243229999999997}}]}}